{
  "logistic_regression": {
    "validation": {
      "accuracy": 0.9451104100946373,
      "precision": 0.7539267015706806,
      "recall": 0.9290322580645162,
      "f1": 0.8323699421965318,
      "confusion_matrix": [
        [
          2564,
          141
        ],
        [
          33,
          432
        ]
      ],
      "classification_report": "              precision    recall  f1-score   support\n\n           0       0.99      0.95      0.97      2705\n           1       0.75      0.93      0.83       465\n\n    accuracy                           0.95      3170\n   macro avg       0.87      0.94      0.90      3170\nweighted avg       0.95      0.95      0.95      3170\n",
      "roc_auc": 0.9895239798859141
    },
    "test": {
      "accuracy": 0.9446740858505565,
      "precision": 0.7575221238938054,
      "recall": 0.9204301075268817,
      "f1": 0.8310679611650486,
      "confusion_matrix": [
        [
          2543,
          137
        ],
        [
          37,
          428
        ]
      ],
      "classification_report": "              precision    recall  f1-score   support\n\n           0       0.99      0.95      0.97      2680\n           1       0.76      0.92      0.83       465\n\n    accuracy                           0.94      3145\n   macro avg       0.87      0.93      0.90      3145\nweighted avg       0.95      0.94      0.95      3145\n",
      "roc_auc": 0.9879826673086182
    }
  },
  "random_forest": {
    "validation": {
      "accuracy": 0.9605678233438486,
      "precision": 0.8881278538812786,
      "recall": 0.8365591397849462,
      "f1": 0.8615725359911407,
      "confusion_matrix": [
        [
          2656,
          49
        ],
        [
          76,
          389
        ]
      ],
      "classification_report": "              precision    recall  f1-score   support\n\n           0       0.97      0.98      0.98      2705\n           1       0.89      0.84      0.86       465\n\n    accuracy                           0.96      3170\n   macro avg       0.93      0.91      0.92      3170\nweighted avg       0.96      0.96      0.96      3170\n",
      "roc_auc": 0.9889611034921391
    },
    "test": {
      "accuracy": 0.9545310015898251,
      "precision": 0.8454935622317596,
      "recall": 0.8473118279569892,
      "f1": 0.8464017185821697,
      "confusion_matrix": [
        [
          2608,
          72
        ],
        [
          71,
          394
        ]
      ],
      "classification_report": "              precision    recall  f1-score   support\n\n           0       0.97      0.97      0.97      2680\n           1       0.85      0.85      0.85       465\n\n    accuracy                           0.95      3145\n   macro avg       0.91      0.91      0.91      3145\nweighted avg       0.95      0.95      0.95      3145\n",
      "roc_auc": 0.9883437650457391
    }
  },
  "gradient_boosting": {
    "validation": {
      "accuracy": 0.9574132492113565,
      "precision": 0.9024390243902439,
      "recall": 0.7956989247311828,
      "f1": 0.8457142857142858,
      "confusion_matrix": [
        [
          2665,
          40
        ],
        [
          95,
          370
        ]
      ],
      "classification_report": "              precision    recall  f1-score   support\n\n           0       0.97      0.99      0.98      2705\n           1       0.90      0.80      0.85       465\n\n    accuracy                           0.96      3170\n   macro avg       0.93      0.89      0.91      3170\nweighted avg       0.96      0.96      0.96      3170\n",
      "roc_auc": 0.9879728897104127
    },
    "test": {
      "accuracy": 0.9538950715421304,
      "precision": 0.8603603603603603,
      "recall": 0.821505376344086,
      "f1": 0.8404840484048405,
      "confusion_matrix": [
        [
          2618,
          62
        ],
        [
          83,
          382
        ]
      ],
      "classification_report": "              precision    recall  f1-score   support\n\n           0       0.97      0.98      0.97      2680\n           1       0.86      0.82      0.84       465\n\n    accuracy                           0.95      3145\n   macro avg       0.91      0.90      0.91      3145\nweighted avg       0.95      0.95      0.95      3145\n",
      "roc_auc": 0.9882603113464934
    }
  }
}